{"cameraMode":{"drawMode":0,"name":"Shaded","section":"Shading Mode"},"sceneLighting":false,"audioPlay":false,"sceneViewState":{"showFog":true,"showMaterialUpdate":false,"showSkybox":false,"showFlares":true,"showImageEffects":true,"showParticleSystems":true},"in2DMode":false,"pivot":{"x":6.378621578216553,"y":0.775000810623169,"z":22.76434326171875},"rotation":{"x":-0.033642932772636417,"y":-0.0973779708147049,"z":0.003293048357591033,"w":-0.9946732521057129},"size":4.173447608947754,"orthographic":false}