{"cameraMode":{"drawMode":0,"name":"Shaded","section":"Shading Mode"},"sceneLighting":false,"audioPlay":false,"sceneViewState":{"showFog":true,"showMaterialUpdate":false,"showSkybox":false,"showFlares":true,"showImageEffects":true,"showParticleSystems":true},"in2DMode":false,"pivot":{"x":0.8644056916236877,"y":0.17594218254089356,"z":0.17506301403045655},"rotation":{"x":-0.3781634569168091,"y":-0.4583556354045868,"z":0.22442017495632173,"w":-0.772358775138855},"size":22.0,"orthographic":false}