{"cameraMode":{"drawMode":0,"name":"Shaded","section":"Shading Mode"},"sceneLighting":true,"audioPlay":false,"sceneViewState":{"showFog":true,"showMaterialUpdate":false,"showSkybox":true,"showFlares":true,"showImageEffects":true,"showParticleSystems":true},"in2DMode":false,"pivot":{"x":8.09868049621582,"y":6.995127201080322,"z":0.8409019708633423},"rotation":{"x":-0.3889387547969818,"y":-0.18466562032699586,"z":0.07989013940095902,"w":-0.8990232944488525},"size":16.416065216064454,"orthographic":false}